url,name
https://www.revolutionbeauty.com/intl/fr/cheveux/accessoires-cheveux%C2%A0/revolution-haircare-curl-enhance-satin-curling-ribbon-pink/1560412.html,Revolution Haircare Curl Enhance Satin Curling Ribbon Pink
https://www.revolutionbeauty.com/intl/fr/cheveux/coiffage-et-traitements-capillaires/revolution-slick-and-fix-brow-and-hair-stick/1856942.html,Revolution Slick & Fix Brow & Hair Stick
https://www.revolutionbeauty.com/intl/fr/cheveux/accessoires-cheveux%C2%A0/revolution-haircare-stimulating-scalp-massager/1440417.html,Revolution Haircare Stimulating Scalp Massager
https://www.revolutionbeauty.com/intl/fr/cheveux/shampooing/revolution-haircare-salicylic-acid-clarifying-shampoo-for-oily-hair/1454988.html,Revolution Haircare Salicylic Acid Clarifying Shampoo for Oily Hair
https://www.revolutionbeauty.com/intl/fr/cheveux/apr%C3%A8s-shampooing/revolution-haircare-longer-healthier-hair-conditioner/1609135.html,Revolution Haircare Longer Healthier Hair Conditioner
https://www.revolutionbeauty.com/intl/fr/cheveux/accessoires-cheveux%C2%A0/revolution-haircare-natural-wave-wide-tooth-comb/1624107.html,Revolution Haircare Natural Wave Wide Tooth Comb
https://www.revolutionbeauty.com/intl/fr/cheveux/coiffage-et-traitements-capillaires/revolution-haircare-scalp-derma-roller/1584272.html,Revolution Haircare Scalp Derma Roller
https://www.revolutionbeauty.com/intl/fr/cheveux/accessoires-cheveux%C2%A0/revolution-haircare-microfibre-hair-wrap-black-and-white/1492133.html,Revolution Haircare Microfibre Hair Wrap Black & White
https://www.revolutionbeauty.com/intl/fr/cheveux/shampooing/revolution-haircare-longer-healthier-hair-shampoo/1609128.html,Revolution Haircare Longer Healthier Hair Shampoo
https://www.revolutionbeauty.com/intl/fr/cheveux/accessoires-cheveux%C2%A0/revolution-pro-miracle-skincare-headband-leopard-print/1937870.html,Revolution Pro Miracle Skincare Headband Leopard Print
https://www.revolutionbeauty.com/intl/fr/cheveux/accessoires-cheveux%C2%A0/revolution-haircare-acetate-claw-clip-tortoiseshell-ivory/1619875.html,Revolution Haircare Acetate Claw Clip Tortoiseshell/ Ivory2 Pack
https://www.revolutionbeauty.com/intl/fr/cheveux/decoloration/colour-b4-ultimate-hair-colour-remover/1628068.html,Colour B4 Ultimate Hair Colour Remover
https://www.revolutionbeauty.com/intl/fr/cheveux/accessoires-cheveux%C2%A0/revolution-haircare-detangle-me-marble-detangling-hair-brush/1472043.html,Revolution Haircare Detangle Me! Marble Detangling Hair Brush
https://www.revolutionbeauty.com/intl/fr/cheveux/shampooing/revolution-haircare-caffeine-energising-shampoo-for-fine-hair/1458283.html,Revolution Haircare Caffeine Energising Shampoo for Fine Hair
https://www.revolutionbeauty.com/intl/fr/cheveux/accessoires-cheveux%C2%A0/revolution-haircare-velvet-bow-hair-clip/1657662.html,Revolution Haircare Velvet Bow Hair Clip
https://www.revolutionbeauty.com/intl/fr/cheveux/accessoires-cheveux%C2%A0/revolution-haircare-satin-hair-wrap-black/1492201.html,Revolution Haircare Satin Hair Wrap Black
https://www.revolutionbeauty.com/intl/fr/cheveux/shampooing/revolution-haircare-plex-4-bond-plex-shampoo/1591935.html,Revolution Haircare Plex 4 Bond Plex Shampoo250ml
https://www.revolutionbeauty.com/intl/fr/cheveux/accessoires-cheveux%C2%A0/revolution-haircare-rectangle-matte-hair-clip/1657419.html,Revolution Haircare Rectangle Matte Hair Clip2 Pack
https://www.revolutionbeauty.com/intl/fr/cheveux/apr%C3%A8s-shampooing/revolution-haircare-blonde-plex-5-bond-plex-conditioner/1562812.html,Revolution Haircare Blonde Plex 5 Bond Plex Conditioner250ml
https://www.revolutionbeauty.com/intl/fr/cheveux/accessoires-cheveux%C2%A0/revolution-haircare-keep-it-slick-tail-comb/1624091.html,Revolution Haircare Keep It Slick Tail Comb
https://www.revolutionbeauty.com/intl/fr/cheveux/coiffage-et-traitements-capillaires/revolution-haircare-blonde-plex-6-bond-restore-styling-cream/1562829.html,Revolution Haircare Blonde Plex 6 Bond Restore Styling Cream100ml
https://www.revolutionbeauty.com/intl/fr/cheveux/coiffage-et-traitements-capillaires/revolution-haircare-plex-3-bond-restore-treatment/1591928.html,Revolution Haircare Plex 3 Bond Restore Treatment100ml
https://www.revolutionbeauty.com/intl/fr/cheveux/coiffage-et-traitements-capillaires/revolution-haircare-plex-6-bond-restore-styling-cream/1591959.html,Revolution Haircare Plex 6 Bond Restore Styling Cream100ml
https://www.revolutionbeauty.com/intl/fr/cheveux/coiffage-et-traitements-capillaires/revolution-haircare-10-bond-restore-lamellar-water-150ml/1562782.html,Revolution Haircare 10 Bond Restore Lamellar Water 150ml
https://www.revolutionbeauty.com/intl/fr/cheveux/apr%C3%A8s-shampooing/revolution-haircare-blonde-plex-5-bond-plex-conditioner/1686488.html,Revolution Haircare Blonde Plex 5 Bond Plex Conditioner
https://www.revolutionbeauty.com/intl/fr/cheveux/coiffage-et-traitements-capillaires/revolution-haircare-vitamin-c-shine-scalp-serum-for-dull-hair/1436281.html,Revolution Haircare Vitamin C Shine Scalp Serum for Dull Hair
https://www.revolutionbeauty.com/intl/fr/cheveux/apr%C3%A8s-shampooing/revolution-haircare-plex-5-bond-plex-conditioner/1591942.html,Revolution Haircare Plex 5 Bond Plex Conditioner
https://www.revolutionbeauty.com/intl/fr/cheveux/coiffage-et-traitements-capillaires/revolution-haircare-detox-my-scalp-scrub/1492072.html,Revolution Haircare Detox My Scalp Scrub150ml
https://www.revolutionbeauty.com/intl/fr/cheveux/apr%C3%A8s-shampooing/revolution-haircare-salicylic-acid-clarifying-conditioner-for-oily-hair/1454995.html,Revolution Haircare Salicylic Acid Clarifying Conditioner for Oily Hair
https://www.revolutionbeauty.com/intl/fr/cheveux/accessoires-cheveux%C2%A0/revolution-skin-padded-headband-green/1876599.html,Revolution Skin Padded Headband Green
https://www.revolutionbeauty.com/intl/fr/cheveux/coloration-des-cheveux/colour-b4-hair-colour-remover-extra-strength/SC103.html,Colour B4 Hair Colour Remover Extra Strength
https://www.revolutionbeauty.com/intl/fr/cheveux/coiffage-et-traitements-capillaires/revolution-haircare-conditioning-banana-and-mango-butter-with-niacinamide-hair-mask/1583862.html,Revolution Haircare Conditioning Banana & Mango Butter with Niacinamide Hair Mask
https://www.revolutionbeauty.com/intl/fr/cheveux/coiffage-et-traitements-capillaires/revolution-haircare-deeply-condition-my-curls-co-wash/1492089.html,Revolution Haircare Deeply Condition My Curls Co-Wash
https://www.revolutionbeauty.com/intl/fr/cheveux/coiffage-et-traitements-capillaires/revolution-haircare-plex-3-bond-restore-treatment-super-sized/1610636.html,Revolution Haircare Plex 3 Bond Restore Treatment Super Sized250ml
